# 抓取:2026-10-05 · 来源:Apple 官方 RSS https://itunes.apple.com/{cn,us}/rss/customerreviews/page={1..3}/id=1558963248/sortBy=mostRecent/json · 去掉了昵称
storefront	date	rating	version	title	content
cn	2026-10-03	5	2.3.0	支持导出全部快照数据，好评	感谢作者持续更新
us	2026-09-30	2	2.1.6	只能给2星	数据经常时间无法更新和添加
cn	2026-09-02	4	2.1.6	目前用下来还挺好 但有点烦恼定投的该怎么办	有一些基金是一直定投的 每次都要手动添加更新金额 说实话有点麻烦
cn	2026-01-02	5	2.1.5	功能建议	如果每项资产关联一个本金账户，自动计算roi就完美了
us	2025-09-02	5	2.1.5	希望继续更新	App十分满足我现在的需求
cn	2025-06-19	5	2.1.5	同类型最好的软件	做资产统计太方便了，可以自动拉取价格和汇率计算
cn	2025-04-14	5	2.1.5	太感谢了，就是我要的APP	昨天找到了一个APP，还在小红书提建议来着。今天看到了Capivot，太好了，全！都！有！收益率这些不需要，我就需要基于最原子级种类的，各个维度的统计透视。(配上净值自动更新)。
us	2025-01-26	5	2.1.5	很好用	希望作者可以继续更新٩(๑^o^๑)۶
cn	2025-01-22	5	2.1.5	简洁明了的轻量级工具	一开始是朋友推荐下来试试，今天才注意到不知不觉用了超过两年了。非常好用，买了会员，希望可以考虑加入贵金属。
cn	2025-01-20	5	2.1.5	付费了	对比了一晚上，还是这个比较符合我的需求。 可以加入对标签组的排序功能么
cn	2024-12-12	3	2.1.5	需要一个标题	大体上算是好用，但是汇率数据失真，也不支持切换数据源
cn	2024-11-22	4	2.1.5	资产列表排序完全是乱的，希望能修一下	1
cn	2024-11-06	4	2.1.5	基金能不能加个定投功能	每次得手动改，有点麻烦
cn	2024-05-20	5	2.1.5	评论	开发者你好，我是付费用户，软件很赞，很符合我的使用习惯，反馈几点问题： 1.资产统计页面-资产快照按钮，如果点了其他页面，再返回，这个按钮图标会被剪裁，显示不完整 2.标签组能否支持排列，目前只有标签能排列 3.资产统计页面-下面的资产列表，能否按照设置中排序，而不是按照资产大小排序
cn	2024-05-07	4	2.0.4	iCloud同步时iPhone一直在转圈是什么情况	如题，
cn	2024-04-29	4	2.1.5	总体不错，建议添加Excel导出功能	本人已经购买会员，可以满足基础的记账功能，值得好评。希望之后添加Excel导出数据的功能。另外最近贵金属波动较大，可以加入黄金，白银价格的变化就更棒了。
cn	2024-03-13	4	2.1.5	考虑支持投顾组合吗	如题
cn	2023-10-18	4	2.1.4	汇率数据太旧了，不知道是不是没更新	usd兑RMB还停留在7.1，这数据太旧了吧，麻烦修复下。
cn	2023-07-29	5	2.1.4	报bug	App很好用，但是使用过程中遇到两个问题 挺不好解决的 1.在输入资产的时候，苹果输入法无法打出汉字，只能下载别的输入法解决问题 2.提供的联系你们和加入群聊的链接打开是空白的 希望可以解决
us	2023-07-22	5	2.1.4	很好的app	是我想要的工具，非常喜欢，跟我想要做的思路非常接近，我是一名程序员，可以跟你们一起合作吗？app的用户群和联系我们打不开了
cn	2023-05-03	5	2.1.4	数字键盘	希望在输入份额、金额等纯数字的情况下能使用数字键盘，这样更直观，更快捷，且不容易按错
cn	2023-03-17	5	2.1.1	已买vip 希望能增加资金定期增减功能	比如每天从资金帐号内定投到基金里，还有每月类似房租房贷的固定支出等
cn	2023-01-23	5	2.0.4	只是想写歌评论鼓励开发者	做得太好了，希望持续运营。
cn	2022-11-04	5	2.0.4	功能建议	长按弹出快捷编辑功能很不错，我可以在买一台法拉利之后方便地在我过亿的账户里扣除金额。希望这个界面也能直接备注每一笔的变动原因，不然还要关掉后打开，按编辑，再拖下去编辑总备注。如此不仅麻烦，还不能很好地知道我每一笔百万花在了哪里😄😄
cn	2022-06-28	4	1.6.3	求增加拍照上传功能	基金等数量比较多，希望能开发一个拍照一键上传的功能，参考下养基宝小程序，谢谢啦
cn	2022-04-16	4	1.6.2	Pad和phone不能同步数据	我在手机上购买了高级会员，然后我想在办公的时候也看看，就在iPad pro上也下载了，结果虽然iPad pro上显示我是高级会员，但是没有同步我的资产过来，我已经在手机上备份过到云了啊
cn	2021-11-14	4	1.4.1	为啥没有负债选择 比如信用卡	如题
cn	2021-10-24	5	1.3.0	.	可不可以把资产的自定义标签去掉啊，真的好难看.
cn	2021-08-29	4	1.1.2	加不了FOF啊，建议优化	111
cn	2021-07-31	4	1.0.7	值得体验，建议做以下改进	1.增加备份到本地功能，避免数据丢失 2.自定义资产名称可后期修改
us	2021-07-12	5	1.0.4	最好用的资产管理 App，没有之一	用了几个这种主打资产管理的记账 App，目前 Capivot 的体验是最好的。无论从交互设计，还是从多标签维度的分类方案，都非常非常的好用，直击我痛点，希望作者可以保持更新，大赞！
cn	2021-06-09	5	1.0.3	感谢作者！非常好用！	牛！如果图表能增加收益日历和收益率就更好了～
cn	2021-05-31	4	1.0.2	有点难上手	1、现在理财的app很少直接显示份额 2、没办法多终端同步
cn	2021-04-14	5	1.0.0	家庭资产终于有便捷的汇总查看工具了	盘点后，终于知道自己有多少资产了，一件刷新跟踪价格👍
